[
    {"id":1,"title":"Software Engineer","company":"TechCorp","location":"New York, NY","salary":"$120000","posted":"2025-09-01"},
    {"id":2,"title":"Data Analyst","company":"DataWorks","location":"San Francisco, CA","salary":"$95000","posted":"2025-09-03"},
    {"id":3,"title":"System Administrator","company":"NetSys","location":"Chicago, IL","salary":"$90000","posted":"2025-09-05"},
    {"id":4,"title":"Test Job CURL","company":"TestCorp","location":"Test City","salary":"$50000","posted":"2025-10-01"}
]