[
    {
        "id": 1,
        "mission_name": "Artemis I",
        "launch_date": "2022-11-16",
        "description": "Uncrewed test flight around the Moon to validate NASA's Space Launch System and Orion spacecraft.",
        "status": "Completed"
    },
    {
        "id": 2,
        "mission_name": "Perseverance Rover",
        "launch_date": "2020-07-30",
        "description": "Mars rover designed to explore Jezero crater and collect rock and soil samples.",
        "status": "Active"
    },
    {
        "id": 3,
        "mission_name": "James Webb Space Telescope",
        "launch_date": "2021-12-25",
        "description": "Infrared observatory providing high-resolution images of distant galaxies.",
        "status": "Active"
    }
]